synthetic_data,model,accuracy,auroc,f1_score
CTGAN,Logistic Regression,0.5194805194805194,0.4351851851851852,0.28846153846153844
CTGAN,Random Forest,0.5194805194805194,0.4733333333333334,0.4393939393939394
CTGAN,XGBoost,0.44155844155844154,0.44555555555555554,0.3582089552238806
TVAE,Logistic Regression,0.6558441558441559,0.7511111111111111,0.576
TVAE,Random Forest,0.6883116883116883,0.7223148148148147,0.5932203389830508
TVAE,XGBoost,0.6168831168831169,0.7142592592592591,0.512396694214876
TabDDPM,Logistic Regression,0.5714285714285714,0.5057407407407407,0.35294117647058826
TabDDPM,Random Forest,0.4805194805194805,0.41407407407407404,0.40298507462686567
TabDDPM,XGBoost,0.4675324675324675,0.44814814814814813,0.4225352112676056
